request,output,timestamp
"Command 'pythonn' not found,",,2026-03-26 21:13:52.273968
Command 'cod' not found error due to,"You faced the same issue before where the error ""Command 'pythonn' not found"" indicates a typo in the command name. The fix was to use the correct command:

python3 main.py

Make sure to type the command correctly without the extra 'n'.",2026-03-26 21:14:38.654543
Command 'cod' not found error due to,"You faced the same issue before where the error ""Command 'pythonn' not found"" indicates a typo in the command name. The fix was to use the correct command:

python3 main.py

Make sure to type the command correctly without the extra 'n'.",2026-03-26 21:14:43.413467
